Column1,Column2,Column3
48,0.25787679780020545,A
69,0.9529009433856798,B
99,0.10091167866534123,A
10,0.4880330644772931,B
58,0.10483390588571428,C
95,0.5276249971474427,B
63,0.5265634178180515,C
64,0.7925035485896257,B
21,0.5308729119238687,B
93,0.0016121723238319285,A
